t,Iteration,Lambda,Best Objective Value,SCMA,EMTK,NCKL,UNVR,INKP,BBRI,MAPI,TLKM,BMRI,AADI,mupt,sigmapt,varpt,rasio
0.00100,766,63.24554,-0.27968,0.02515,0.00000,0.05849,0.07198,0.01878,0.28456,0.09289,0.22076,0.09536,0.13202,0.00611,0.01672,0.00028,0.36536
0.01100,223,19.06912,-0.02545,0.00000,0.00000,0.07201,0.07776,0.00000,0.29359,0.09688,0.22832,0.09295,0.13849,0.00583,0.01677,0.00028,0.34761
0.02100,148,13.80105,-0.01328,0.04089,0.00000,0.00000,0.08679,0.00000,0.29863,0.11061,0.22905,0.09478,0.13925,0.00601,0.01686,0.00028,0.35681
0.03100,334,11.35886,-0.00869,0.00000,0.00000,0.06882,0.07843,0.02562,0.29999,0.09488,0.22072,0.07876,0.13277,0.00595,0.01676,0.00028,0.35484
0.04100,290,9.87680,-0.00631,0.03891,0.00000,0.06952,0.08068,0.00000,0.31000,0.09276,0.21473,0.06958,0.12381,0.00653,0.01675,0.00028,0.38970
0.05100,170,8.85553,-0.00485,0.04488,0.00000,0.07387,0.08674,0.00000,0.35927,0.09378,0.22015,0.00000,0.12132,0.00693,0.01683,0.00028,0.41157
0.06100,169,8.09702,-0.00379,0.05096,0.00000,0.07466,0.08931,0.01064,0.35957,0.09166,0.20962,0.00000,0.11358,0.00710,0.01686,0.00028,0.42113
0.07100,161,7.50500,-0.00299,0.06137,0.00000,0.08135,0.09436,0.00000,0.35285,0.08999,0.19754,0.01756,0.10498,0.00729,0.01690,0.00029,0.43127
0.08100,132,7.02629,-0.00234,0.07155,0.00000,0.08658,0.10030,0.00000,0.36818,0.08855,0.18867,0.00000,0.09617,0.00761,0.01701,0.00029,0.44754
0.09100,199,6.62882,-0.00179,0.08314,0.00000,0.09210,0.10619,0.00000,0.37205,0.08628,0.17499,0.00000,0.08524,0.00791,0.01714,0.00029,0.46159
0.10100,193,6.29193,-0.00131,0.09608,0.00000,0.09827,0.11276,0.00000,0.37638,0.08375,0.15972,0.00000,0.07305,0.00825,0.01732,0.00030,0.47609
0.11100,195,6.00165,-0.00087,0.11036,0.00000,0.10507,0.12002,0.00000,0.38115,0.08095,0.14286,0.00000,0.05959,0.00862,0.01756,0.00031,0.49064
0.12100,131,5.74812,-0.00050,0.12945,0.00000,0.12891,0.13302,0.00000,0.41456,0.00000,0.14142,0.00000,0.05264,0.00910,0.01807,0.00033,0.50367
0.13100,119,5.52419,-0.00007,0.14648,0.00000,0.12469,0.13914,0.00000,0.40158,0.07831,0.10980,0.00000,0.00000,0.00965,0.01846,0.00034,0.52288
0.14100,154,5.32451,0.00031,0.16270,0.00000,0.13098,0.14693,0.00000,0.40200,0.07247,0.08492,0.00000,0.00000,0.01001,0.01881,0.00035,0.53198
0.15100,122,5.14501,0.00066,0.18391,0.00000,0.15280,0.16023,0.00000,0.42893,0.00000,0.07412,0.00000,0.00000,0.01051,0.01948,0.00038,0.53961
0.16100,134,4.98248,0.00105,0.19871,0.00000,0.14496,0.16421,0.00000,0.40291,0.05952,0.02969,0.00000,0.00000,0.01080,0.01975,0.00039,0.54674
0.17100,133,4.83442,0.00142,0.21846,0.00000,0.15257,0.17364,0.00000,0.40305,0.05228,0.00000,0.00000,0.00000,0.01123,0.02035,0.00041,0.55201
0.18100,111,4.69879,0.00178,0.24005,0.00000,0.16779,0.18453,0.00000,0.40763,0.00000,0.00000,0.00000,0.00000,0.01164,0.02100,0.00044,0.55424
0.19100,117,4.57396,0.00214,0.25649,0.00000,0.16279,0.18775,0.00000,0.36789,0.02507,0.00000,0.00000,0.00000,0.01181,0.02127,0.00045,0.55551
0.20100,99,4.45854,0.00250,0.27790,0.00000,0.17104,0.19646,0.00000,0.35460,0.00000,0.00000,0.00000,0.00000,0.01216,0.02189,0.00048,0.55554
0.21100,97,4.35143,0.00287,0.29831,0.00000,0.17279,0.20290,0.00000,0.32600,0.00000,0.00000,0.00000,0.00000,0.01244,0.02243,0.00050,0.55474
0.22100,105,4.25166,0.00323,0.31971,0.00000,0.17463,0.20964,0.00000,0.29602,0.00000,0.00000,0.00000,0.00000,0.01274,0.02303,0.00053,0.55296
0.23100,104,4.15843,0.00359,0.34210,0.00000,0.17656,0.21670,0.00000,0.26464,0.00000,0.00000,0.00000,0.00000,0.01304,0.02370,0.00056,0.55024
0.24100,103,4.07106,0.00396,0.36548,0.00000,0.17857,0.22408,0.00000,0.23188,0.00000,0.00000,0.00000,0.00000,0.01336,0.02445,0.00060,0.54665
0.25100,103,3.98896,0.00433,0.38985,0.00000,0.18066,0.23176,0.00000,0.19773,0.00000,0.00000,0.00000,0.00000,0.01370,0.02526,0.00064,0.54226
0.26100,115,3.91161,0.00471,0.41522,0.00000,0.18284,0.23976,0.00000,0.16218,0.00000,0.00000,0.00000,0.00000,0.01405,0.02615,0.00068,0.53716
0.27100,92,3.83858,0.00510,0.44157,0.00000,0.18510,0.24807,0.00000,0.12526,0.00000,0.00000,0.00000,0.00000,0.01441,0.02711,0.00074,0.53145
0.28100,52,3.76948,0.00547,0.48429,0.00000,0.21800,0.29771,0.00000,0.00000,0.00000,0.00000,0.00000,0.00000,0.01528,0.02960,0.00088,0.51608
0.29100,88,3.70397,0.00588,0.50560,0.00000,0.20649,0.28791,0.00000,0.00000,0.00000,0.00000,0.00000,0.00000,0.01544,0.03005,0.00090,0.51381
0.30100,75,3.64174,0.00630,0.52766,0.00000,0.19457,0.27777,0.00000,0.00000,0.00000,0.00000,0.00000,0.00000,0.01561,0.03055,0.00093,0.51110
0.31100,84,3.58253,0.00671,0.55047,0.00000,0.18225,0.26728,0.00000,0.00000,0.00000,0.00000,0.00000,0.00000,0.01579,0.03108,0.00097,0.50797
0.32100,81,3.52610,0.00713,0.57402,0.00000,0.16952,0.25645,0.00000,0.00000,0.00000,0.00000,0.00000,0.00000,0.01597,0.03166,0.00100,0.50444
0.33100,93,3.47225,0.00755,0.59832,0.00000,0.15639,0.24528,0.00000,0.00000,0.00000,0.00000,0.00000,0.00000,0.01616,0.03228,0.00104,0.50051
0.34100,81,3.42077,0.00797,0.62336,0.00000,0.14286,0.23377,0.00000,0.00000,0.00000,0.00000,0.00000,0.00000,0.01635,0.03295,0.00109,0.49622
0.35100,64,3.37151,0.00839,0.64915,0.00000,0.12893,0.22192,0.00000,0.00000,0.00000,0.00000,0.00000,0.00000,0.01655,0.03366,0.00113,0.49159
0.36100,81,3.32430,0.00881,0.67569,0.00000,0.11460,0.20972,0.00000,0.00000,0.00000,0.00000,0.00000,0.00000,0.01675,0.03442,0.00118,0.48666
0.37100,78,3.27901,0.00924,0.70297,0.00000,0.09986,0.19718,0.00000,0.00000,0.00000,0.00000,0.00000,0.00000,0.01696,0.03523,0.00124,0.48146
0.38100,81,3.23551,0.00967,0.73099,0.00000,0.08472,0.18429,0.00000,0.00000,0.00000,0.00000,0.00000,0.00000,0.01718,0.03609,0.00130,0.47602
0.39100,80,3.19369,0.01011,0.75976,0.00000,0.06917,0.17107,0.00000,0.00000,0.00000,0.00000,0.00000,0.00000,0.01740,0.03699,0.00137,0.47038
0.40100,87,3.15343,0.01055,0.78927,0.00000,0.05323,0.15750,0.00000,0.00000,0.00000,0.00000,0.00000,0.00000,0.01763,0.03794,0.00144,0.46458
0.41100,70,3.11465,0.01099,0.83411,0.00000,0.00000,0.16589,0.00000,0.00000,0.00000,0.00000,0.00000,0.00000,0.01796,0.03941,0.00155,0.45580
0.42100,73,3.07725,0.01138,0.89135,0.00000,0.10865,0.00000,0.00000,0.00000,0.00000,0.00000,0.00000,0.00000,0.01845,0.04182,0.00175,0.44110
0.43100,157,3.04116,0.01190,0.88229,0.00000,0.00297,0.11474,0.00000,0.00000,0.00000,0.00000,0.00000,0.00000,0.01834,0.04108,0.00169,0.44649
0.44100,69,3.00630,0.01236,0.90902,0.00000,0.00000,0.09098,0.00000,0.00000,0.00000,0.00000,0.00000,0.00000,0.01855,0.04204,0.00177,0.44130
0.45100,70,2.97260,0.01282,0.93517,0.00000,0.00000,0.06483,0.00000,0.00000,0.00000,0.00000,0.00000,0.00000,0.01876,0.04300,0.00185,0.43621
0.46100,999,2.94000,0.01328,1.00000,0.00000,0.00000,0.00000,0.00000,0.00000,0.00000,0.00000,0.00000,0.00000,0.01927,0.04548,0.00207,0.42370
0.47100,71,2.90844,0.01376,0.98922,0.00000,0.00000,0.01078,0.00000,0.00000,0.00000,0.00000,0.00000,0.00000,0.01918,0.04506,0.00203,0.42576
0.48100,999,2.87787,0.01424,1.00000,0.00000,0.00000,0.00000,0.00000,0.00000,0.00000,0.00000,0.00000,0.00000,0.01927,0.04548,0.00207,0.42370
0.49100,999,2.84823,0.01471,1.00000,0.00000,0.00000,0.00000,0.00000,0.00000,0.00000,0.00000,0.00000,0.00000,0.01927,0.04548,0.00207,0.42370
